,phim_truyen,thoi_su,ca_nhac,the_thao,tong_hop,text
0,0,1,0,0,0,180 độ xanh
1,0,1,0,0,0,An ninh thành phố
2,0,1,0,0,0,An ninh và Cuộc sống
3,0,1,0,0,0,An sinh xã hội - Nâng cao tiện ích Bảo hiểm xã hội
4,0,1,0,0,0,An sinh xã hội
5,0,1,0,0,0,Câu chuyện kinh doanh
6,0,0,0,0,1,Chiến binh xanh
7,0,0,0,0,1,Chuyến đi màu xanh
8,0,0,0,0,1,Cuộc sống xanh
9,0,1,0,0,0,Doanh nghiệp - Doanh nhân - RCEP và cơ hội trên sân chơi mới
10,0,1,0,0,0,Doanh nghiệp - Doanh nhân - Thương mại điện tử
11,0,0,0,0,1,Hành trang cuộc sống
12,0,0,0,0,1,Hành trình di sản - Về xứ Mường Lò
13,0,1,0,0,0,Hành trình yêu thương
14,0,0,0,0,1,Không gian xanh - Nhà TKNT Thanh Thảo - Nhà có thú cưng
15,0,0,0,0,1,Không gian xanh
16,0,1,0,0,0,Kinh tế số
17,0,1,0,0,0,Ký ức Sài Gòn - Thành phố Hồ Chí Minh
18,0,1,0,0,0,Lời tự sự - Diễn viên Dương Hoàng Anh
19,0,1,0,0,0,Năng lượng xanh
20,0,0,0,0,1,Nét xanh trong kiến trúc nay
21,0,0,0,0,1,Nhanh như chớp
22,0,1,0,0,0,Nhịp sống kinh doanh
23,0,0,0,0,1,Những hộp quà xinh
24,0,1,0,0,0,Nông nghiệp xanh -  thực phẩm sạch
25,1,0,0,0,0,Ranh giới trắng đen
26,0,1,0,0,0,Sống xanh: Lối sống tối giản
27,0,0,0,0,1,Sức sống thanh xuân
28,0,1,0,0,0,Tài chính - Kinh doanh
29,0,1,0,0,0,Tạp chí bí quyết đẹp: Kính áp tròng
30,0,1,0,0,0,Tạp chí Kinh tế cuối tuần
31,0,0,0,1,0,Tạp chí Quyền Anh
32,0,0,0,0,1,Thanh xuân tỏa sáng
33,0,0,0,0,1,Thanh xuân tôi
34,0,0,0,0,1,Thể dục dưỡng sinh
35,0,0,0,0,1,Thế giới xanh
36,1,0,0,0,0,Tình trăm năm
37,0,1,0,0,0,Trái đất xanh
38,0,0,0,0,1,Trái tim cho em - Mầm xanh
39,0,0,1,0,0,Trời sinh một cặp
40,0,1,0,0,0,Tương lai xanh
41,0,1,0,0,0,Vì một tương lai xanh
42,0,1,0,0,0,Vitamin xanh
43,1,0,0,0,0,Xả xì chét - Tình cũ
44,0,1,0,0,0,Xanh tươi mối ngày
45,0,0,1,0,0,Xuân -  Hạ
46,0,1,0,0,0,360 độ Nhật Bản
47,0,0,0,0,1,A -  bạn đây rồi: Về miền tây sông nước
48,0,0,0,0,1,A -  bạn đây rồi: Về miền Tây sông nước
49,0,1,0,0,0,Âm nhạc Việt Nam những chặng đường
50,0,0,0,0,1,Bạn của nhà nông - Phát triển nuôi thủy sản vùng lòng hồ
51,0,0,0,0,1,Chất Việt - Trả lại gương mặt người
52,0,0,0,0,1,Chất Việt
53,0,0,0,0,1,Chất Việt - Linh chi - Món quà từ thiên nhiên
54,0,0,1,0,0,Chuyên đề âm nhạc: Studio H9 - Hẹn cuối tuần
55,0,0,0,0,1,Chuyện Đông chuyện Tây
56,0,0,0,0,1,Chuyện nhà nông - Gỡ nút thắt về vốn cho phát triển nông nghiệp công nghệ cao
57,0,0,0,0,1,Cơ thể bạn nói gì ? - Vietevent
58,0,1,0,0,0,Cựu chiến binh Việt Nam - Người vác tù và hàng tổng
59,0,0,1,0,0,Dân ca nhạc cổ - Về bên sông Cầu
60,0,1,0,0,0,Dân tộc và phát triển - Khơi dậy nội lực vùng dân tộc thiểu số
61,0,1,0,0,0,Dân tộc và phát triển - Phát triển mô hình tôm lúa
62,0,1,0,0,0,Đồng hành hàng Việt
63,0,1,0,0,0,Hành trình hy vọng - Số 41 - Đặng Văn Lĩnh
64,0,1,0,0,0,Hành trình hy vọng - Số 42 - Phạm Quang Tứ
65,0,1,0,0,0,Hành trình sống khỏe - Run Media
66,0,1,0,0,0,Hành trình vẻ đẹp - Ký ức Tết 199x
67,0,0,0,0,1,Hương bếp Việt
68,0,1,0,0,0,Kết nối không giới hạn
69,0,1,0,0,0,Kết nối không giới hạn: Giáo dục vì phát triển bền vững
70,0,1,0,0,0,Kết nối không giới hạn: Sức khỏe tiền hôn nhân
71,0,0,0,0,1,Khám phá Việt Nam - Mùa cốm Na Lo
72,0,0,0,0,1,Khám phá Việt Nam - Vùng đất vua gà xứ Đông Bắc
73,0,0,0,0,1,Khám phá Việt Nam - Tiếng vọng từ đại ngàn
74,0,0,0,0,1,Khám phá Việt Nam - Làng Trung Đô - Vẻ đẹp giữa cao nguyên
75,0,0,0,0,1,Khám phá Việt Nam - Trâu trong văn hóa Việt
76,0,0,0,0,1,Khám phá Việt Nam - Mảnh đất núi vàng
77,0,0,0,0,1,Khám phá Việt Nam - Tờ giấy thờ của người Mông Vân Hồ
78,0,0,0,0,1,Khám phá Việt Nam - Người Bố Y ở Lao Hầu
79,0,0,0,0,1,Khám phá Việt Nam - Lễ cúng thần đồng bản Cang Nà
80,1,0,0,0,0,Khát vọng mặt trời - Khát vọng mặt trời số 196
81,1,0,0,0,0,Khát vọng mặt trời
82,0,1,0,0,0,Khát vọng non sông
83,0,1,0,0,0,Khát vọng sống
84,0,1,0,0,0,Made in Vietnam - Sản xuất tại Việt Nam
85,0,1,0,0,0,Mỗi ngày một niềm vui
86,1,0,0,0,0,Một phút và cả cuộc đời - Một chỉ vàng
87,1,0,0,0,0,Một phút và cả cuộc đời - Tình yêu vị gì
88,0,1,0,0,0,Nét ẩm thực Việt
89,0,0,0,0,1,Nét xanh trong kiến trúc nay - Số 153 - Tre trong kiến trúc hiện đại
90,0,0,0,0,1,Nét xanh trong kiến trúc nay - Số 154 - Nhà của nắng và gió
91,0,0,0,0,1,Nghệ sĩ và sàn diễn: Đạo diễn - Biên đạo múa Ngọc Hiền
92,0,0,0,0,1,Nghệ sĩ và sàn diễn: Những ký ức sàn diễn
93,0,0,0,0,1,Nghìn lẻ một chuyện - Con đường võ học
94,0,0,0,0,1,Nghìn lẻ một chuyện: Món quà bất ngờ
95,0,1,0,0,0,Nhật ký người Việt
96,0,0,0,0,1,Những dấu hiệu sinh tồn
97,0,0,0,0,1,Những điểm đến đặc săc của New Zealand
98,0,0,0,0,1,Nước non ngàn dặm - Giấy dó Đống Cao
99,0,1,0,0,0,Nút bấm - Ứng dụng công nghệ trong truy xuất nguồn gốc hàng hóa
100,0,1,0,0,0,Nút bấm
101,0,1,0,0,0,Phát huy vai trò của mặt trận - Vai trò Mặt trận trong phòng chống dịch Covid - 19
102,0,1,0,0,0,Phát huy vai trò của mặt trận - Vai trò Mặt trận trong phòng chống dịch COVID - 19
103,0,1,0,0,0,Phát triển bền vững - Ứng phó với sạt lở ở Đồng bằng Sông Cửu Long
104,0,1,0,0,0,Phát triển bền vững - Khu dự trữ sinh quyển Cát Bà
105,0,1,0,0,0,Phát triển bền vững - Phát triển chuỗi sản phẩm bền vững
106,0,1,0,0,0,Phát triển bền vững - Doanh nghiệp hướng tới phát triển bền vững
107,0,1,0,0,0,Phát triển bền vững
108,0,1,0,0,0,Phát triển bền vững - Ứng phó với biến đổi khí hậu
109,0,1,0,0,0,Phát triển bền vững - Nâng cao hiệu suất cho thiết bị tiêu thụ điện
110,0,1,0,0,0,Quà tặng bất ngờ
111,0,0,0,0,1,S - Việt Nam - Sản vật của những người bí ẩn ở Ninh Thuận
112,0,0,0,0,1,S - Việt Nam - Khám phá làng rèn Phúc Sen
113,0,0,0,0,1,S - Việt Nam - Tự Do ngôi làng mềm mại
114,0,0,0,0,1,S - Việt Nam - Đọc vị người Tày
115,0,0,0,0,1,S - Việt Nam - Cao Chương những đôi mắt đặc biệt
116,0,0,0,0,1,S - Việt Nam - Buổi sum họp đặc biệt của dân tộc Tày Nùng
117,0,0,0,0,1,S - Việt Nam
118,0,0,0,0,1,S - Việt Nam - Kho báu của người phụ nữ Lo Lo Đen
119,0,0,0,0,1,S - Việt Nam - Sắc nước hương trời Na Hang
120,0,0,0,0,1,S - Việt Nam - Báu vật người Dao
121,0,0,0,0,1,S- Việt Nam
122,0,0,0,0,1,S- Việt Nam - Khám phá làng rèn Phúc Sen
123,0,0,0,0,1,S- Việt Nam - Tự Do ngôi làng mềm mại
124,0,0,0,0,1,S- Việt Nam - Đọc vị người Tày
125,0,0,0,0,1,S- Việt Nam - Kho báu của người phụ nữ Lo Lo Đen
126,0,0,0,0,1,Sắc màu các dân tộc - Về miền Then
127,0,1,0,0,0,Sự kiện và bình luận
128,0,1,0,0,0,Sức nước ngàn năm - Số 40
129,0,1,0,0,0,Sức nước ngàn năm - Số 41
130,0,1,0,0,0,Talk VietNam - Imago Work - câu chuyện truyền cảm hứng
131,0,1,0,0,0,Tấm khiên chống COVID - 19
132,0,1,0,0,0,Tạp chí VHNT thế giới
133,0,1,0,0,0,Thanh niên - Năm 2020 - Dấu ấn của Thanh niên Thủ đô
134,0,1,0,0,0,Thanh niên - Thanh niên Việt Nam - Sức Trẻ vươn lên
135,0,0,0,0,1,Thử thách bất ngờ
136,0,0,0,0,1,Tôi yêu Việt Nam
137,0,1,0,0,0,Trên đường hội nhập
138,0,1,0,0,0,Truyền hình Công thương - Tạo đà cho ngành năng lượng phát triển bền vững
139,0,1,0,0,0,Truyền hình Công thương - Nâng cao tinh thần quản lý thị trường phòng chống dịch covid -19
140,0,1,0,0,0,Truyền hình trực tiếp: Những tấm gương thầm lặng
141,0,1,0,0,0,Tương lai xanh - Vệ sinh môi trường phòng chống dịch bệnh COVID - 19
142,0,0,0,0,1,Tỷ lệ may mắn
143,0,0,0,0,1,V - Việt Nam - Biển Đồng Châu - Thái Bình
144,0,0,0,0,1,V - Việt Nam
145,0,0,0,0,1,V - Việt Nam - Cá nướng Thái Xuyên - Thái Bình
146,0,0,0,0,1,V - Việt Nam - Vị ngọt cao nguyên
147,0,0,0,0,1,V - Việt Nam - Nộm sứa - món ngon vùng biển Thái Bình
148,0,0,0,0,1,V - Việt Nam - Đà Lạt - Thành phố ngàn trái
149,0,0,0,0,1,V - Việt Nam - Đà Lạt - Xứ sở hoa xuân
150,0,0,0,0,1,V - Việt Nam - Thưởng thức phố núi về đêm
151,0,0,0,0,1,V - Việt Nam - Chùa Khánh Lâm
152,0,0,0,0,1,V - Việt Nam - Đông Sơn - Nơi giữ hồn làng quê Việt
153,0,0,0,0,1,V - Việt Nam - Chuyện về vùng đất trồng cau
154,0,0,0,0,1,V - Việt Nam - Chùa Đọi Sơn
155,0,1,0,0,0,Vấn đề hôm nay
156,0,0,0,0,1,Văn học nghệ thuật - Nguyễn Xuân Sanh - Người bắc nhịp cầu thơ
157,0,0,0,0,1,Văn học nghệ thuật - Trái tim hát cùng mùa xuân
158,0,1,0,0,0,Về quê - Mẹ nghèo
159,0,1,0,0,0,Vì an ninh Tổ quốc
160,0,1,0,0,0,Vì chất lượng cuộc sống
161,0,1,0,0,0,Vì tầm vóc Việt
162,0,1,0,0,0,Vì trẻ em - Để học trực tuyến thiết thực và hiệu quả
163,0,1,0,0,0,Việc tử tế
164,0,1,0,0,0,Việt Nam hôm nay
165,0,1,0,0,0,Visa toàn cầu
166,0,1,0,0,0,Visa toàn cầu - Mô hình gây quỹ cộng đồng
167,0,0,0,0,1,Vượt thành chiến
168,0,1,0,0,0,5 phút hôm nay
169,0,1,0,0,0,Biệt đội phụ huynh 4.0
170,0,1,0,0,0,Chuyện 4 mùa: Phép thử phép thật
171,1,0,0,0,0,Gia đình 4.0 - Tổng đài Hạnh phúc - Tập 47
172,1,0,0,0,0,Gia đình 4.0 - Tổng đài Hạnh phúc - Tập 48
173,1,0,0,0,0,Gia đình 4.0 - Tổng đài hạnh phúc - Tập 49
174,0,0,0,0,1,Giải mã cuộc sống - Đằng sau trò ảo thuật - Phần 4
175,0,0,0,0,1,Hành trình khám phá - Những món quà của xứ Nẫu
176,0,0,0,0,1,Hành trình khám phá - Thị trấn trên mây (Tập 1)
177,0,0,0,0,1,Hành trình khám phá
178,0,0,0,0,1,Hành trình khám phá - Sapa trong mây - Tập 1
179,0,0,0,0,1,Hành trình khám phá - Thị trấn trên mây Tập 2
180,0,0,0,0,1,Hành trình khám phá - Hành trình xuôi dòng Mekong
181,0,0,0,0,1,Khám phá - Chiếu sáng thông minh
182,0,0,0,0,1,Khám phá
183,0,0,0,0,1,Khám phá bên ngoài thành phố
184,0,0,0,0,1,Khám phá thế giới - Giải pháp bền vững - Tập 8: Đất nước Myanmar
185,0,0,0,0,1,Khám phá thế giới - Phong vị bốn phương - Tập 4
186,0,0,0,0,1,Khám phá thế giới - Những thợ săn siêu hạng - Tập 4
187,0,0,0,0,1,Khám phá thế giới
188,0,0,0,0,1,Khám phá thế giới - Những ngôi nhà của thời đại – Tập 3
189,0,0,0,0,1,Khám phá thế giới - Nơi đường chân trời - Tập 1
190,0,0,0,0,1,Khám phá thế giới - Những thợ săn siêu hạng – Tập 5
191,0,0,0,0,1,Khám phá thế giới - Những thợ săn siêu hạng - Tập 3
192,0,0,0,0,1,Khám phá thế giới - Những ngôi nhà của thời đại - Tập 7
193,0,0,0,0,1,Khám phá thế giới - Con đường của sự thông thái - Tập 1
194,0,0,0,0,1,Khám phá thế giới - Những thợ săn siêu hạng - Tập 5
195,0,0,0,0,1,Khám phá thế giới - Những ngôi nhà của thời đại - Tập 3
196,0,0,0,0,1,Khám phá thế giới - Những ngôi nhà của thời đại - Tập 4
197,0,0,0,0,1,Khám phá thế giới - Nơi đường chân trời - Tập 2
198,0,0,0,0,1,Khám phá thế giới - Những ngôi nhà của thời đại - Tập 5
199,0,0,0,0,1,Khám phá thế giới - Những thợ săn siêu hạng - Tập 6
200,0,0,0,0,1,Khám phá thế giới - Những ngôi nhà của thời đại - Tập 8
201,0,0,0,0,1,Khám phá thế giới - Con đường của sự thông thái - Tập 2
202,0,0,0,0,1,Khám phá thế giới - Những thợ săn siêu hạng – Tập 6
203,0,0,0,0,1,Khám phá thế giới - Nơi đường chân trời - Tập 3
204,0,0,0,0,1,Khám phá thế giới - Những ngôi nhà của thời đại - Tập 6
205,0,0,0,0,1,Khám phá thế giới - Sứ mệnh trong vũ trụ
206,0,0,0,0,1,Khám phá thế giới - Những khu vườn vĩnh cửu - Tập 1
207,0,0,0,0,1,Khám phá thế giới - Bí ẩn thời kì đồ đá - Tập 1
208,0,0,0,0,1,Khám phá thế giới - Nơi đường chân trời - Tập 4
209,0,0,0,0,1,Khám phá thế giới - Chinh phục không gian - Tập 1
210,0,0,0,0,1,Khám phá thế giới - Những khu vườn vĩnh cửu - Tập 2
211,0,0,0,0,1,Khám phá thế giới - Bí ẩn thời kì đồ đá - Tập 2
212,0,0,0,0,1,Khám phá thế giới - Nơi đường chân trời - Tập 5
213,0,0,0,0,1,Khám phá thế giới - Những ngôi nhà của thời đại – Tập 8
214,0,0,0,0,1,Khám phá thế giới - Chinh phục không gian - Tập 2
215,0,0,0,0,1,Khám phá thế giới - Những khu vườn vĩnh cửu - Tập 3
216,0,0,0,0,1,Khám phá thế giới - 10 công trình nghệ thuật kiến trúc hàng đầu - Tập 1
217,0,0,0,0,1,Khám phá thế giới - Chinh phục không gian - Tập 3
218,0,0,0,0,1,Khám phá thế giới - Nơi đường chân trời - Tập 6
219,0,0,0,0,1,Khám phá thế giới - Chinh phục không gian - Tập 4
220,0,0,0,0,1,Khám phá thế giới - 10 công trình nghệ thuật kiến trúc hàng đầu - Tập 3
221,0,0,0,0,1,Khám phá thế giới - Nơi đường chân trời - Tập 7
222,0,0,0,0,1,Khám phá thế giới - Nơi đường chân trời - Tập 8
223,0,0,0,0,1,Khám phá thế giới - Chinh phục không gian - Tập 5
224,0,0,0,0,1,Khám phá thế giới - Ước mơ đồng quê - Tập 2: Zealand- Đan Mạch
225,0,0,0,0,1,Khám phá thế giới - 10 công trình nghệ thuật kiến trúc hàng đầu - Tập 4
226,0,0,0,0,1,Khám phá thế giới - Nơi đường chân trời - Tập 9
227,0,0,0,0,1,Khám phá thế giới - Những khu vườn vĩnh cửu - Tập 4
228,0,0,0,0,1,Khám phá thế giới - Chinh phục không gian - Tập 6
229,0,0,0,0,1,Khám phá thế giới - Ước mơ đồng quê - Tập 3: Apulia- Italy
230,0,0,0,0,1,Khám phá thế giới - 10 công trình nghệ thuật kiến trúc hàng đầu - Tập 5
231,0,0,0,0,1,Khám phá thế giới - Nơi đường chân trời - Tập 10
232,0,0,0,0,1,Khám phá thế giới - Những nơi lặn biển hàng đầu thế giới - Tập 1
233,0,0,0,0,1,Khám phá thế giới - Không thể tuyệt chủng - Tập 1
234,0,0,0,0,1,Khám phá thế giới - Ước mơ đồng quê - Tập 4: Umbria - Italy
235,0,0,0,0,1,Khám phá Việt Nam - Bảo tàng không gian văn hóa Mường
236,0,0,0,0,1,Khám phá Việt Nam - Páo Dung - Tiếng lòng của người Dao
237,0,1,0,0,0,Khoảnh khắc - Số 9
238,1,0,0,0,0,Khu dân cư rắc rối - Tập 208
239,1,0,0,0,0,Khu dân cư rắc rối - Tập 209
240,1,0,0,0,0,Khu dân cư rắc rối
241,1,0,0,0,0,Khu dân cư rắc rối - Tập 211
242,1,0,0,0,0,Khu dân cư rắc rối - Tập 213
243,1,0,0,0,0,Khu dân cư rắc rối - Tập 214
244,1,0,0,0,0,Khu dân cư rắc rối - Tập 215
245,0,1,0,0,0,Kinh doanh và pháp luật - Hòa giải thương mại phương thức giải quyết tranh chấp hiệu quả
246,0,1,0,0,0,Kinh doanh và pháp luật - Hoàn thiện khung pháp lý
247,0,1,0,0,0,Ký sự - Sài Gòn - Thành phố Hồ Chí Minh những dấu xưa - Tập 1
248,0,1,0,0,0,Ký sự - Sài Gòn - Thành phố Hồ Chí Minh những dấu xưa - Tập 2
249,0,1,0,0,0,Ký sự - Sài Gòn - Thành phố Hồ Chí Minh những dấu xưa - Tập 3
250,0,1,0,0,0,Ký sự - Sài Gòn - Thành phố Hồ Chí Minh những dấu xưa - Tập 4
251,0,1,0,0,0,Ký sự - Sài Gòn - Thành phố Hồ Chí Minh những dấu xưa - Tập 5
252,0,1,0,0,0,Ký sự - Sài Gòn - Thành phố Hồ Chí Minh những dấu xưa - Tập 6
253,0,1,0,0,0,Ký sự - Sài Gòn - Thành phố Hồ Chí Minh những dấu xưa - Tập 7
254,0,1,0,0,0,Ký sự - Sài Gòn - Thành phố Hồ Chí Minh những dấu xưa - Tập 8
255,0,0,1,0,0,Nhạc thính phòng: Gõ cửa âm nhạc
256,0,0,1,0,0,Nhạc thính phòng: Hòa nhạc chào năm mới
257,0,1,0,0,0,Nhân đạo - Niềm vui sẻ chia trong ngày 8.3
258,0,1,0,0,0,Những mảnh ghép của cuộc sống - Đánh cắp thông tin - Tập 1
259,0,1,0,0,0,Những mảnh ghép của cuộc sống - Đánh cắp thông tin - Tập 2
260,0,1,0,0,0,Những mảnh ghép của cuộc sống - Đánh cắp thông tin - Tập 3
261,0,1,0,0,0,Những mảnh ghép của cuộc sống - Đánh cắp thông tin - Tập 4
262,0,1,0,0,0,Những mảnh ghép của cuộc sống - Ở lưng chừng trời - Tập 1
263,0,1,0,0,0,Những mảnh ghép của cuộc sống - Ở lưng chừng trời - Tập 2
264,0,0,0,0,1,Phóng sự: Khám phá nhà ga Hight Tech Park
265,0,0,0,0,1,Sống chậm - Cây hạnh phúc
266,0,0,0,0,1,Tập mà chơi - Chơi mà tập
267,1,0,0,0,0,Thám tử hôn nhân
268,0,0,0,0,1,Vườn sao mai: Khám phá và trải nghiệm
269,1,0,0,0,0,Xin chào hạnh phúc - Định mệnh ta yêu nhau - Phần 3
270,1,0,0,0,0,Xin chào hạnh phúc - Định mệnh ta yêu nhau - Phần 4
271,1,0,0,0,0,Xin chào hạnh phúc - Định mệnh ta yêu nhau - Phần 5
272,1,0,0,0,0,Xin chào hạnh phúc - Vật chứng tình yêu - Phần 1
273,1,0,0,0,0,Xin chào hạnh phúc - Vật chứng tình yêu - Phần 2
274,1,0,0,0,0,Xin chào hạnh phúc - Vật chứng tình yêu - Phần 3
275,1,0,0,0,0,Xin chào hạnh phúc - Vật chứng tình yêu - Phần 4
276,1,0,0,0,0,Xin chào hạnh phúc - Vật chứng tình yêu - Phần 5
277,1,0,0,0,0,Phim tài liệu - Bạch Đằng Giang vang vọng đức Ngô Quyền - Tập 1
278,1,0,0,0,0,Phim tài liệu - Bạch Đằng Giang vang vọng đức Ngô Quyền - Tập 2
279,1,0,0,0,0,Phim tài liệu - Sư đoàn 325: 70 năm xây dựng
280,1,0,0,0,0,Phim truyện - Kiểm toán viên - Tập 2
281,1,0,0,0,0,Phim truyện - Nàng dâu Order - Tập 27
282,1,0,0,0,0,Phim truyện - Kiểm toán viên - Tập 3
283,1,0,0,0,0,Phim truyện - Trở về giữa yêu thương - Phần 2 - Tập 5
284,1,0,0,0,0,Phim truyện - Những kẻ mộng mơ - Tập 41
285,1,0,0,0,0,Phim truyện - Yêu thì ghét thôi - Tập 12
286,1,0,0,0,0,Phim truyện - Những kẻ mộng mơ - Tập 42
287,1,0,0,0,0,Phim truyện - Hoa Mãn Thiên - Tập 27
288,1,0,0,0,0,Phim truyện - Sự trả thù hoàn hảo - Tập 10
289,1,0,0,0,0,Phim truyện - Bảo vệ vị vua rồng - Tập 39
290,1,0,0,0,0,Phim truyện - Ngày em đến - Tập 19/37
291,1,0,0,0,0,Phim truyện - Bí mật cây cầu cũ - Tập 950
292,1,0,0,0,0,Phim truyện - Giọt lệ Hoàng gia - Tập 2
293,1,0,0,0,0,Phim truyện - Bí mật cây cầu cũ - Tập 951
294,1,0,0,0,0,Phim truyện - Bảo vệ vị vua rồng - Tập 40
295,1,0,0,0,0,Phim truyện - Hướng dương ngược nắng - Phần 2 - Tập 4
296,1,0,0,0,0,Phim truyện - Trái cấm - Tập 43
297,1,0,0,0,0,Phim truyện - Nàng dâu order - Tập 28
298,1,0,0,0,0,Phim truyện - Kiểm toán viên - Tập 4
299,1,0,0,0,0,Phim truyện - Trở về giữa yêu thương - Phần 2 - Tập 6
300,1,0,0,0,0,Phim truyện - Yêu thì ghét thôi - Tập 13
301,1,0,0,0,0,Phim truyện - Những kẻ mộng mơ - Tập 43
302,1,0,0,0,0,Phim truyện - Hoa Mãn Thiên - Tập 28
303,1,0,0,0,0,Phim truyện - Sự trả thù hoàn hảo - Tập 11
304,1,0,0,0,0,Phim truyện - Ngày em đến - Tập 20
305,1,0,0,0,0,Phim truyện - Giọt lệ Hoàng gia - Tập 3
306,1,0,0,0,0,Phim truyện - Bí mật cây cầu cũ - Tập 952
307,1,0,0,0,0,Phim truyện - Bảo vệ vị vua rồng - Tập 41
308,1,0,0,0,0,Phim truyện - Hướng dương ngược nắng - Phần 2 - Tập 5
309,1,0,0,0,0,Phim truyện - Trái cấm - Tập 44
310,1,0,0,0,0,Phim truyện - Nàng dâu order - Tập 29
311,1,0,0,0,0,Phim truyện - Kiểm toán viên - Tập 5
312,1,0,0,0,0,Phim truyện - Trở về giữa yêu thương - Phần 2 - Tập 7
313,1,0,0,0,0,Phim truyện - Yêu thì ghét thôi - Tập 14
314,1,0,0,0,0,Phim truyện - Những kẻ mộng mơ - Tập 44
315,1,0,0,0,0,Phim truyện - Hoa Mãn Thiên - Tập 29
316,1,0,0,0,0,Phim truyện - Sự trả thù hoàn hảo - Tập 12
317,1,0,0,0,0,Phim truyện - Giọt lệ Hoàng gia - Tập 4
318,1,0,0,0,0,Phim truyện - Bí mật cây cầu cũ - Tập 953
319,1,0,0,0,0,Phim truyện - Bảo vệ vị vua rồng - Tập 42
320,1,0,0,0,0,Phim truyện - Hướng dương ngược nắng - Phần 2 - Tập 6
321,1,0,0,0,0,Phim truyện - Trái cấm - Tập 45
322,1,0,0,0,0,Phim truyện - Nàng dâu order - Tập 30
323,1,0,0,0,0,Phim truyện - Kiểm toán viên - Tập 6
324,1,0,0,0,0,Phim truyện - Trở về giữa yêu thương - Phần 2 - Tập 8
325,1,0,0,0,0,Phim truyện - Yêu thì ghét thôi - Tập 15
326,1,0,0,0,0,Phim truyện - Những kẻ mộng mơ - Tập 45
327,1,0,0,0,0,Phim truyện - Hoa Mãn Thiên - Tập 30
328,1,0,0,0,0,Phim truyện - Sự trả thù hoàn hảo - Tập 13
329,1,0,0,0,0,Phim truyện - Giọt lệ Hoàng gia - Tập 5
330,1,0,0,0,0,Phim truyện - Bí mật cây cầu cũ - Tập 954
331,1,0,0,0,0,Phim truyện - Bảo vệ vị vua rồng - Tập 43
332,1,0,0,0,0,Phim truyện - Hồ sơ cá sấu - Tập 27
333,1,0,0,0,0,Phim truyện - Trái cấm - Tập 46
334,1,0,0,0,0,Phim truyện - Mê cung - Tập 1
335,1,0,0,0,0,Phim truyện - Kiểm toán viên - Tập 7
336,1,0,0,0,0,Phim truyện - Trở về giữa yêu thương - Phần 2 - Tập 9
337,1,0,0,0,0,Phim truyện - Yêu thì ghét thôi - Tập 16
338,1,0,0,0,0,Phim truyện - Những kẻ mộng mơ - Tập 46
339,1,0,0,0,0,Phim truyện - Hoa Mãn Thiên - Tập 31
340,1,0,0,0,0,Phim truyện - Sự trả thù hoàn hảo - Tập 14
341,1,0,0,0,0,Phim truyện - Giọt lệ Hoàng gia - Tập 6
342,1,0,0,0,0,Phim truyện - Bí mật cây cầu cũ - Tập 955
343,1,0,0,0,0,Phim truyện - Bảo vệ vị vua rồng - Tập 44
344,1,0,0,0,0,Phim truyện - Hồ sơ cá sấu - Tập 28
345,1,0,0,0,0,Phim truyện - Trái cấm - Tập 47
346,1,0,0,0,0,Phim truyện - Kiểm toán viên - Tập 8
347,1,0,0,0,0,Phim truyện - Yêu thì ghét thôi - Tập 17
348,1,0,0,0,0,Phim truyện - Những kẻ mộng mơ - Tập 47
349,1,0,0,0,0,Phim truyện - Hoa Mãn Thiên - Tập 32
350,1,0,0,0,0,Phim truyện - Sự trả thù hoàn hảo - Tập 15
351,1,0,0,0,0,Phim truyện - Ngày em đến - Tập 21
352,1,0,0,0,0,Phim truyện - Bảo vệ vị vua rồng - Tập 45
353,1,0,0,0,0,Phim truyện - Yêu thì ghét thôi - Tập 18
354,1,0,0,0,0,Phim truyện - Những kẻ mộng mơ - Tập 48
355,1,0,0,0,0,Phim truyện - Hoa Mãn Thiên - Tập 33
356,1,0,0,0,0,Phim truyện - Sự trả thù hoàn hảo - Tập 16
357,1,0,0,0,0,Phim truyện - Ngày em đến - Tập 22
358,1,0,0,0,0,Phim truyện - Bảo vệ vị vua rồng - Tập 46
359,1,0,0,0,0,Phim truyện - Kiểm toán viên - Tập 9
360,1,0,0,0,0,Phim truyện - Mê cung - Tập 2
361,1,0,0,0,0,Phim truyện - Kiểm toán viên - Tập 10
362,1,0,0,0,0,Phim truyện - Trở về giữa yêu thương - Phần 2 - Tập 10
363,1,0,0,0,0,Phim truyện - Yêu thì ghét thôi - Tập 19
364,1,0,0,0,0,Phim truyện - Những kẻ mộng mơ - Tập 49
365,1,0,0,0,0,Phim truyện - Hoa Mãn Thiên - Tập 34
366,1,0,0,0,0,Phim truyện - Sự trả thù hoàn hảo - Tập 17
367,1,0,0,0,0,Phim truyện - Giọt lệ Hoàng gia - Tập 7
368,1,0,0,0,0,Phim truyện - Bí mật cây cầu cũ - Tập 956/
369,1,0,0,0,0,Phim truyện - Bảo vệ vị vua rồng - Tập 47
370,1,0,0,0,0,Phim truyện - Hướng dương ngược nắng - Phần 2 - Tập 7
371,1,0,0,0,0,Phim truyện - Trái cấm - Tập 48
372,1,0,0,0,0,Phim truyện - Mê cung - Tập 3
373,1,0,0,0,0,Phim truyện - Kiểm toán viên - Tập 11
374,1,0,0,0,0,Phim truyện - Trở về giữa yêu thương - Phần 2 - Tập 11
375,1,0,0,0,0,Phim truyện - Yêu thì ghét thôi - Tập 20
376,1,0,0,0,0,Phim truyện - Những kẻ mộng mơ - Tập 50
377,1,0,0,0,0,Phim truyện - Hoa Mãn Thiên - Tập 35
378,1,0,0,0,0,Phim truyện - Sự trả thù hoàn hảo - Tập 18
379,1,0,0,0,0,Phim truyện - Bí mật cây cầu cũ - Tập 956
380,1,0,0,0,0,Phim truyện - Giọt lệ Hoàng gia - Tập 8
381,1,0,0,0,0,Phim truyện - Bí mật cây cầu cũ - Tập 957
382,1,0,0,0,0,Phim truyện - Bảo vệ vị vua rồng - Tập 48
383,1,0,0,0,0,Phim truyện - Hướng dương ngược nắng - Phần 2 - Tập 8
384,1,0,0,0,0,Phim truyện - Trái cấm - Tập 49
385,1,0,0,0,0,Phim truyện - Mê cung - Tập 4
386,1,0,0,0,0,Phim truyện - Kiểm toán viên - Tập 12
387,1,0,0,0,0,Phim truyện - Trở về giữa yêu thương - Phần 2 - Tập 12
388,1,0,0,0,0,Phim truyện - Yêu thì ghét thôi - Tập 21
389,1,0,0,0,0,Phim truyện - Những kẻ mộng mơ - Tập 51
390,1,0,0,0,0,Phim truyện - Hoa Mãn Thiên - Tập 36
391,1,0,0,0,0,Phim truyện - Sự trả thù hoàn hảo - Tập 19
392,1,0,0,0,0,Phim truyện - Giọt lệ Hoàng gia - Tập 9
393,1,0,0,0,0,Phim truyện - Bí mật cây cầu cũ - Tập 958
394,1,0,0,0,0,Phim truyện - Bảo vệ vị vua rồng - Tập 49
395,1,0,0,0,0,Phim truyện - Hướng dương ngược nắng - Phần 2 - Tập 9
396,1,0,0,0,0,Phim truyện - Trái cấm - Tập 50
397,0,1,0,0,0,24h công nghệ
398,0,1,0,0,0,Bản tin 22h00
399,0,1,0,0,0,Chuyển động 24 giờ
400,0,1,0,0,0,Chuyển động 24h
401,0,0,0,0,1,Đẹp 24/7 - Trang điểm tone đỏ rượu
402,0,0,0,0,1,Đẹp 24/7 - Thời trang kim sa
403,0,0,0,0,1,Đẹp 24/7 - Trị mụn cơ thể bằng phương pháp thiên nhiên
404,0,0,0,0,1,Đẹp 24/7 - Làm sao để thu hút mọi ánh nhìn tại sự kiện?
405,0,0,0,0,1,Đẹp 24/7 - Zumba - bộ môn mang lại năng lượng
406,0,0,0,0,1,Đẹp 24/7 - Những đóa hoa cổ điển
407,0,0,0,0,1,Đẹp 24/7 - Phối đồ nhanh cho cô nàng công sở
408,0,0,0,0,1,Đẹp 24/7 - Làm đẹp bằng yến mạch
409,0,0,0,0,1,Đẹp 24/7 - Bài tập giảm mỡ bụng cho nam
410,0,0,0,0,1,Đẹp 24/7
411,0,0,0,0,1,Đẹp 24/7 - Làm sao để thu hút mọi ánh nhìn?
412,0,0,0,0,1,Đẹp 24/7 - Phong cách trang điểm và phối đồ với tone đỏ cá tính
413,1,0,0,0,0,Phim truyện - Nhà trọ Balanha - Tập 22
414,1,0,0,0,0,Phim truyện - Nhà trọ Balanha - Tập 23
415,1,0,0,0,0,Phim truyện - Nhà trọ Balanha - Tập 24
416,1,0,0,0,0,Phim truyện - Nhà trọ Balanha - Tập 25
417,1,0,0,0,0,Phim truyện - Nhà trọ Balanha - Tập 26
418,1,0,0,0,0,Phim truyện - Nhà trọ Balanha - Tập 27
419,1,0,0,0,0,Phim truyện - Nhà trọ Balanha - Tập 28
420,1,0,0,0,0,Phim truyện - Nhà trọ Balanha - Tập 29
421,1,0,0,0,0,Phim truyện - Nhà trọ Balanha - Tập 30
422,0,1,0,0,0,Thế giới 24 giờ
423,0,1,0,0,0,Thế giới 24 giờ
424,0,1,0,0,0,Thế giới 24/7
425,0,1,0,0,0,Thể thao 24/7
426,0,1,0,0,0,Thể thao 365
427,0,1,0,0,0,Thị trường 365
428,0,1,0,0,0,Thời sự 23h
429,0,1,0,0,0,Thông tin 260
430,0,1,0,0,0,Tiêu dùng 24h
431,0,1,0,0,0,Y tế 24h
432,0,0,0,0,1,Ẩm thực đường phố
433,0,1,0,0,0,Công dân và pháp luật
434,0,0,0,0,1,Hành trình sống khỏe - Phòng ngừa đau lưng
435,0,1,0,0,0,Lao động và công đoàn - Đảm bảo quyền lợi cho người lao động và phát triển sản xuất
436,0,0,0,0,1,Người nông dân hiện đại - Qua miền Đầm Phá
437,0,0,0,0,1,Người phụ nữ hạnh phúc
438,0,0,0,0,1,Pháp luật và Cuộc sống - Luật Xử lý vi phạm hành chính năm 2020
439,0,0,0,0,1,Pháp luật và Cuộc sống - Qui định pháp luật về đăng ký biện pháp bảo đảm
440,0,0,0,0,1,Pháp luật và Cuộc sống
441,0,0,0,0,1,Phổ biến kiến thức - Sức khoẻ là số một - Phần 19
442,0,1,0,0,0,Phóng sự - Chợ lạ miền Tây - Tập 7
443,0,1,0,0,0,Phóng sự - Chợ lạ miền Tây - Tập 5
444,0,1,0,0,0,Phóng sự
445,0,1,0,0,0,Phóng sự - Chợ lạ miền Tây - Tập 6
446,0,1,0,0,0,Phóng sự - Chợ lạ miền Tây - Tập 8
447,0,1,0,0,0,Phóng sự - Chợ lạ miền Tây - Tập 9
448,0,1,0,0,0,Phóng sự
449,0,1,0,0,0,Phóng sự - Về lại cứ địa xưa -Tập 1
450,0,1,0,0,0,Phóng sự - Về lại cứ địa xưa -Tập 2
451,0,1,0,0,0,Phóng sự - Chợ lạ miền Tây - Tập 10
452,0,1,0,0,0,Phóng sự - Về lại cứ địa xưa - Tập 3
453,0,1,0,0,0,Phóng sự - Về lại cứ địa xưa - Tập 1
454,0,1,0,0,0,Phóng sự - Về lại cứ địa xưa - Tập 4
455,0,1,0,0,0,Phóng sự - Về lại cứ địa xưa - Tập 5
456,0,1,0,0,0,Phóng sự - Về lại cứ địa xưa - Tập 6
457,0,1,0,0,0,Phóng sự - Về lại cứ địa xưa - Tập 7
458,0,0,0,0,1,Phụ nữ & cuộc sống
459,0,0,0,0,1,Phụ nữ là để yêu thương
460,0,0,0,0,1,Phụ nữ là để yêu thương - Những trái tim dũng cảm
461,0,0,0,0,1,Phụ nữ là để yêu thương - Hạnh phúc từ sự sáng tạo
462,0,0,0,0,1,Phụ nữ là để yêu thương - Tôi dám
463,0,0,0,0,1,Phụ nữ là để yêu thương - Khi chồng là phụ nữ trong gia đình
464,0,0,0,0,1,Phụ nữ là số 1 - Duyên
465,0,0,0,0,1,Phụ nữ là số 1 - Ông trẻ ăn trộm
466,0,0,0,0,1,Phụ nữ là số 1 - Lấy lòng mẹ chồng
467,0,0,0,0,1,Phụ nữ là số 1 - Gọi đồng bọn
468,0,0,0,0,1,Phụ nữ là số 1 - Những kẻ hay nghi ngờ
469,0,0,0,0,1,Phụ nữ là số 1 - Bó hoa tặng vợ
470,0,0,0,0,1,Phụ nữ là số 1 - Duyên phận của ai
471,0,0,0,0,1,Phụ nữ là số 1 - Bố
472,0,0,0,0,1,Phụ nữ và cuộc sống - Phụ nữ với công tác bảo vệ đường biên cột mốc
473,0,0,0,0,1,Phụ nữ và cuộc sống - Trao quyền cho phụ nữ và cơ hội kinh doanh
474,0,0,0,0,1,Sao - Phải làm sao!
475,1,0,0,0,0,Sitcom: Về phía cầu vồng
476,0,0,0,0,1,Sống vui - Tăng cường nội tiết cho phụ nữ - Phần 1
477,0,0,0,0,1,Alo Mr. Cảnh báo
478,0,0,0,0,1,Bác sĩ của bạn
479,0,0,0,0,1,Bác sĩ nói gì?
480,0,0,0,0,1,Bác sĩ ơi! Tại sao?
481,0,0,0,0,1,Bạn có dũng cảm
482,0,0,0,0,1,Bạn của nhà nông
483,0,0,0,0,1,Bạn của nhà nông - Số 4.21
484,0,0,0,0,1,Bạn của nhà nông - Số 5.21
485,0,0,0,0,1,Bạn của nhà nông - Số 6.21
486,0,0,0,0,1,Bạn đường hợp ý
487,0,0,0,0,1,Bạn đường hợp ý: Xả xì trét
488,0,0,0,0,1,Bạn muốn hẹn hò
489,0,1,0,0,0,Bản tin trưa
490,0,1,0,0,0,Báo chí toàn cảnh
491,0,0,0,0,1,Bây giờ -  ở đây (45)
492,0,0,0,0,1,Bây giờ -  ở đây
493,0,0,0,0,1,Bếp 8
494,0,0,0,0,1,Bếp ngọt
495,0,0,0,0,1,Bí kíp giữ thanh xuân
496,0,0,0,0,1,Bí kíp vàng
497,0,0,0,0,1,Bí mật các loài hoa
498,0,0,0,0,1,Bộ ba ăn ý
499,0,0,0,0,1,Bữa cơm gia đình
500,0,0,0,0,1,Cả nhà thương nhau
501,0,0,1,0,0,Ca nhạc
502,0,0,1,0,0,Ca nhạc - MV+ Số 4
503,0,0,1,0,0,Ca nhạc: Asia Top Band
504,0,0,1,0,0,Ca nhạc: Bước qua cánh cửa
505,0,0,1,0,0,Ca nhạc: Dấu ấn thời gianS
506,0,0,1,0,0,Ca nhạc: Giai điệu từ những vần thơ
507,0,0,1,0,0,"Ca nhạc: Hành trình âm nhạc "" Dáng ngọc """
508,0,0,1,0,0,"Ca nhạc: Hành trình âm nhạc ""Dáng ngọc"""
509,0,0,1,0,0,Ca nhạc: Hương sắc phương Nam
510,0,0,1,0,0,Ca nhạc: Micrô kết nối tuyển chọn
511,0,0,1,0,0,Ca nhạc: Miền ký ức tuyển chọn
512,0,0,1,0,0,Ca nhạc: Nơi ấy là mặt trời
513,0,0,1,0,0,Ca nhạc: Sắc màu âm nhạc
514,0,0,1,0,0,"Ca nhạc: Studio mộc tuyển chọn ""Mẹ trong tim con"""
515,0,0,1,0,0,Ca nhạc: Thế giới âm nhạc
516,0,0,1,0,0,Ca nhạc: Thế giới âm nhạc
517,0,1,0,0,0,Cà phê TEK
518,0,0,0,0,1,Các ông bố nói gì?
519,0,1,0,0,0,Cải cách hành chính
520,0,0,0,0,1,Căn bếp vui nhộn
521,0,1,0,0,0,Cặp lá yêu thương
522,0,1,0,0,0,Cất cánh
523,0,0,0,1,0,Câu lạc bộ thể thao
524,1,0,0,0,0,Cây táo nở hoa
525,0,0,0,0,1,Chân trời khoa học
526,0,1,0,0,0,Chào buổi sáng
527,0,0,0,0,1,Chìa khóa sức khỏe
528,0,0,0,0,1,Chọn đâu cho đúng
529,0,0,0,0,1,Chúng tôi - chiến sĩ - Trung đoàn Rada 293
530,0,0,0,0,1,Chúng tôi - chiến sĩ - Trung đoàn BB12/Sư đoàn BB3/QK1
531,0,1,0,0,0,Chương trình 60 giây
532,0,1,0,0,0,Chương trình đặc sắc của HTV
533,0,1,0,0,0,Chương trình theo chỉ đạo
534,0,1,0,0,0,Chương trình văn hóa TP.HCM
535,0,1,0,0,0,Chuyện 4 mùa: Nước đục thả câu
536,0,1,0,0,0,Chuyển động 4.0
537,0,1,0,0,0,Cơ hội cho bệnh nhân nghèo
538,0,1,0,0,0,Cơ thể bạn nói gì ?
539,0,1,0,0,0,Con đường nông sản
540,0,1,0,0,0,Công nghệ 360
541,0,1,0,0,0,Cửa sổ ASEAN
542,0,1,0,0,0,Cùng em đến trường
543,0,1,0,0,0,Cùng xây ngôi nhà mơ ước
544,0,1,0,0,0,Cuộc đua không dừng lại
545,0,1,0,0,0,Đảng trong cuộc sống hôm nay
546,0,1,0,0,0,Đèn giao thông
547,0,1,0,0,0,Đẹp cùng chuyên gia
548,0,1,0,0,0,Dự báo kinh tế
549,0,0,0,0,1,Du lịch & cuộc sống
550,0,0,0,0,1,Du lịch kỳ thú: Gõ cửa thăm nhà
551,0,0,0,0,1,Đường lên đỉnh Olympia
552,1,0,0,0,0,Gia đình 4.0
553,0,0,0,0,1,Gia đình siêu khỏe
554,0,0,0,0,1,Giác quan thứ 6
555,0,0,0,1,0,Giờ vàng thể thao
556,0,0,0,0,1,Gõ cửa nhà sao
557,0,1,0,0,0,Góc nhìn HTV
558,0,0,0,0,1,Góc phố
559,0,0,0,0,1,Góc phố muôn màu
560,0,0,0,0,1,Hai mùa mưa nắng: Đồng bệnh
561,0,0,0,0,1,Hạnh phúc là gì?
562,0,1,0,0,0,Học và làm theo Bác - Không có việc làm nhỏ
563,0,1,0,0,0,KHGD Quốc phòng
564,0,1,0,0,0,Khoảnh khắc cuộc đời
565,0,0,0,0,1,Khỏe và đẹp
566,0,0,0,0,1,Không gian sống: Mùa an nhiên
567,0,0,0,0,1,Không gian văn hóa nghệ thuật
568,0,0,0,0,1,Khuôn mặt đáng tin
569,0,0,0,0,1,Kịch: Ngã ba sông
570,0,0,0,0,1,Kỹ năng tham gia giao thông
571,0,0,0,0,1,Lạ lắm à nha
572,0,0,0,0,1,Món ngon mỗi ngày
573,0,0,0,0,1,Nào cùng phong cách
574,0,0,0,0,1,Nào cùng phong cách - Số 63
575,0,0,0,0,1,Nét đẹp dân gian
576,0,0,0,0,1,Ngôi sao về làng
577,0,0,0,0,1,Người trong cuộc
578,0,0,1,0,0,Nhạc thính phòng: Đêm nhạc Mozart và Tchaikovsky
579,0,0,0,0,1,Nhóc cưng siêu đẳng
580,0,0,0,0,1,Những câu chuyện đẹp
581,0,0,0,0,1,Những món ngon của bếp trưởng Kelly
582,0,0,0,0,1,Nước non ngàn dặm
583,1,0,0,0,0,Phim sitcom: Bánh mì Ông Màu
584,0,1,0,0,0,Phòng cháy chữa cháy
585,0,1,0,0,0,Quốc gia số
586,0,1,0,0,0,Quốc phòng toàn dân
587,0,1,0,0,0,Rác - Chuyện không nhỏ
588,0,1,0,0,0,Sắc màu các dân tộc
589,0,0,0,0,1,Sao nhập ngũ
590,0,0,0,1,0,Tạp chí bóng đá Đức
591,0,0,0,1,0,Tạp chí bóng rổ
592,0,0,0,1,0,Tạp chí bóng rổ FIBA
593,0,0,0,0,1,Tạp chí văn nghệ
594,0,0,0,1,0,Thể thao là cuộc sống
595,0,0,0,0,1,Thông báo - Ghi ơn
596,0,0,0,0,1,Trạng nguyên nhí
597,0,0,0,0,1,Tường lửa
598,0,0,0,0,1,Úm ba la ra chữ gì?
599,0,0,0,0,1,Văn hoá CAND - Ước mơ người chiến sĩ
600,0,0,0,0,1,Vì bạn xứng đáng
601,0,0,0,0,1,Vì cộng đồng
602,0,0,0,0,1,Vợ chồng son
603,0,0,0,0,1,Vững bước tương lai
604,0,0,0,0,1,100 triệu 1 phút
605,0,0,0,1,0,7 ngày thể thao
606,0,0,0,0,1,7 Nụ cười xuân
607,0,0,0,0,1,A! Đúng rồi
608,0,0,0,0,1,Ai là triệu phú
609,0,0,0,0,1,Alo -  phim nghe
610,0,0,0,0,1,Alo -  phim nghe!
611,0,1,0,0,0,Bản tin trưa
612,0,0,0,0,1,Bật mí chuyện sao
613,0,0,0,0,1,Bí quyết của Eva
614,0,0,0,0,1,Box thư giãn
615,0,0,0,0,1,Cà phê cuối tuần
616,0,0,0,0,1,Câu chuyện từ trái tim: Tình yêu xa và gần
617,0,0,0,0,1,Chat với mẹ bỉm sữa
618,0,0,0,0,1,Cho phép được yêu
619,0,1,0,0,0,Chương trình thời sự HTV
620,0,1,0,0,0,Chuyện trưa 12 giờ
621,0,0,0,0,1,Đẹp để tự tin
622,0,0,0,0,1,Điều ước thứ 7
623,0,0,0,0,1,Gia đình vui vẻ
624,0,0,0,0,1,Giải mã
625,0,0,0,0,1,HTV giải trí
626,0,0,0,0,1,Khẩu vị ngôi sao
627,0,0,0,0,1,Ký sự tài liệu: Hòa bình gọi
628,0,0,0,0,1,Ký ức vui vẻ
629,0,0,0,0,1,Lần theo dấu vết
630,0,0,0,0,1,Lời tự sự - NSND Vi Hoa
631,1,0,0,0,0,Mẹ chồng nàng dâu
632,0,0,0,0,1,Mua gì? Ở đâu?
633,0,0,1,0,0,MV+
634,0,0,0,0,1,Nào ta cùng vui: Trình diễn thời trang tái chế
635,0,0,0,0,1,Nghề của bạn
636,0,0,0,0,1,Nhà chung
637,0,0,0,0,1,Nhà nông vui vẻ
638,0,0,0,0,1,Nhịp cầu du học
639,0,0,0,0,1,Nhịp sống trẻ
640,0,0,0,0,1,Những ngôi sao thầm lặng
641,0,0,0,0,1,Nơi yêu thương ở lại
642,0,0,0,0,1,Nụ cười ngày mới
643,1,0,0,0,0,Phú Quý du ký
644,0,0,0,0,1,Siêu bất ngờ
645,0,0,0,0,1,Siêu nhí đấu trí
646,0,0,0,0,1,Son môi đỏ
647,0,0,0,0,1,Sống khỏe
648,0,0,0,0,1,Sống khỏe đời vui - Run Media
649,0,0,0,0,1,Sống vui
650,0,0,0,0,1,Studio H9 - Hẹn cuối tuần
651,0,0,0,1,0,Sự kiện thể thao
652,0,0,0,0,1,SV 2020 - 2021
653,0,0,1,0,0,Tài tử cải lương: Hương thầm ngày xưa
654,0,0,1,0,0,Tài tử cải lương: Màu lá đỏ
655,0,0,1,0,0,Tài tử cải lương: Non nước hữu tình
656,0,0,0,0,1,Tần số tình yêu
657,0,0,0,1,0,Tạp chí bóng đá Đức
658,0,0,0,1,0,Tạp chí cầu lông
659,0,0,0,1,0,Tạp chí giao bóng
660,0,0,0,1,0,Tạp chí One Championship
661,0,0,0,1,0,Tạp chí thể thao Đức
662,0,0,0,1,0,Thảnh thơi vui sống
663,0,0,0,1,0,Thể dục Aerobic
664,0,0,0,1,0,Thể dục cơ bản
665,0,0,0,1,0,Thế giới thể thao
666,0,0,0,0,1,Thiếu niên nói
667,0,0,0,0,1,Thời tiết du ký
668,0,0,0,1,0,Tiếng đàn tri âm
669,0,1,0,0,0,Tiếp sóng VTV
670,0,1,0,0,0,Tiêu điểm 247
671,0,1,0,0,0,Tiêu điểm HTVC
672,0,1,0,0,0,Tiêu điểm y tế
673,0,1,0,0,0,Tiêu dùng hiện đại
674,0,0,0,0,1,Tiểu phẩm hài
675,0,0,0,0,1,Tin buổi sáng
676,0,0,0,0,1,Trái tim cho em
677,0,1,0,0,0,Trong thế giới xe
678,0,1,0,0,0,Truyền hình Công nhân - Công đoàn
679,0,1,0,0,0,Truyền hình Quân khu 7
680,0,1,0,0,0,Truyền hình thanh niên
681,0,1,0,0,0,Tự hào hàng Việt Nam
682,0,0,0,0,1,Về quê
683,0,0,0,0,1,VTV kết nối
684,0,0,0,0,1,VTV Travel - Du lịch cùng VTV
685,0,0,0,0,1,Vui - khoẻ - có ích
686,0,0,0,0,1,Vui cùng bước nhảy
687,0,0,0,0,1,Vui cùng con cháu
688,0,0,0,0,1,Vui khỏe 24/7 - Số 77
689,0,0,0,0,1,Vui khỏe 24/7 - Số 154
690,0,0,0,0,1,Vui khỏe 24/7
691,0,0,0,0,1,Vui sống mỗi ngày
692,0,0,0,0,1,Xe và xu hướng
693,0,0,0,0,1,Yêu thương cuộc sống
694,1,0,0,0,0,Chưa cập nhật lịch phát sóng - Phim tài liệu khoa học
695,1,0,0,0,0,Phim cuối tuần: Mật vụ ẩn danh
696,1,0,0,0,0,Phim sitcom: Bẫy mỹ nhân
697,1,0,0,0,0,Phim Sitcom: Cưới ai ai cưới
698,1,0,0,0,0,Phim sitcom: Dịch vụ anh tơ hồng
699,1,0,0,0,0,Phim Sitcom: Dịch vụ anh tơ hồng
700,1,0,0,0,0,Phim Sitcom: Gia đình Sô - bít
701,1,0,0,0,0,Phim sitcom: Khi chàng là vợ
702,1,0,0,0,0,Phim sitcom: Kiếm chồng cho mẹ chồng
703,1,0,0,0,0,Phim sitcom: Những đứa con từ trên trời rơi xuống
704,1,0,0,0,0,Phim Sitcom: Nơi yêu thương bắt đầu
705,1,0,0,0,0,Phim tài liệu - Kho báu dưới đại dương
706,1,0,0,0,0,Phim tài liệu - Chung một khát vọng
707,1,0,0,0,0,Phim tài liệu - Miền Tây không lũ
708,1,0,0,0,0,Phim tài liệu - Việt Nam thời đại Hồ Chí Minh - Biên niên sử truyền hình - Năm 1996
709,1,0,0,0,0,Phim tài liệu - Việt Nam thời đại Hồ Chí Minh - Biên niên sử truyền hình - Năm 1998
710,1,0,0,0,0,Phim tài liệu - Việt Nam thời đại Hồ Chí Minh - Biên niên sử truyền hình - Năm 1997
711,1,0,0,0,0,Phim tài liệu - Bí thư Tỉnh ủy
712,1,0,0,0,0,Phim tài liệu - Người Thái - những cư dân vùng thung lũng
713,1,0,0,0,0,Phim tài liệu - Đồng chí Lê Thanh Nghị - Người Cộng sản kiên trung
714,1,0,0,0,0,Phim tài liệu - Hào khí Bạch Đằng Giang
715,1,0,0,0,0,Phim tài liệu - Vợ lính
716,1,0,0,0,0,Phim tài liệu - Cao Bằng ghi nhớ lời Bác
717,1,0,0,0,0,Phim tài liệu
718,1,0,0,0,0,Phim tài liệu - Di sản địa chất Đăk Nông
719,1,0,0,0,0,Phim tài liệu - Sakura - bay tới miền gió núi
720,1,0,0,0,0,Phim tài liệu - Việt Nam thời đại Hồ Chí Minh - Biên niên sử truyền hình - Năm 1999
721,1,0,0,0,0,Phim tài liệu - Tương lai của đồng bằng
722,1,0,0,0,0,Phim tài liệu - 65 năm dưới mái trường truyền hình
723,1,0,0,0,0,Phim tài liệu khoa học - Thiên nhiên và con người
724,1,0,0,0,0,Phim tài liệu khoa học
725,1,0,0,0,0,Phim tài liệu: Biên giới bình yên
726,1,0,0,0,0,Phim tài liệu: Chuyện kể ven sông Sài Gòn
727,1,0,0,0,0,Phim tài liệu: Gia tài của mẹ
728,1,0,0,0,0,Phim tài liệu: Hoa bóng đá
729,1,0,0,0,0,Phim tài liệu: Huyền thoại Mẹ Việt Nam anh hùng
730,1,0,0,0,0,Phim tài liệu: Huyền thoại Mẹ Việt Nam anh hùng - Tập: Bà Nguyễn Thanh Tùng
731,1,0,0,0,0,Phim tài liệu: Lý Sơn - Biển đảo ân tình
732,1,0,0,0,0,Phim tài liệu: Má ơi đừng đánh con đau
733,1,0,0,0,0,Phim tài liệu: Nữ trinh sát anh hùng
734,1,0,0,0,0,Phim tài liệu: Sóc Bom Bo
735,1,0,0,0,0,Phim tài liệu: Tiếng lòng tôi
736,1,0,0,0,0,Phim tài liệu: Trở lại đồi Tức Dụp
737,1,0,0,0,0,Phim tài liệu: Việt Nam thời đại Hồ Chí Minh - Biên niên sử truyền hình
738,1,0,0,0,0,Phim truyện - Quý tử họ Lee - Tập 89
739,1,0,0,0,0,Phim truyện - Quý tử họ Lee - Tập 90
740,1,0,0,0,0,Phim truyện - Quý tử họ Lee - Tập 91
741,1,0,0,0,0,Phim truyện - Quý tử họ Lee - Tập 92
742,1,0,0,0,0,Phim truyện - Quý tử họ Lee - Tập 93
743,1,0,0,0,0,Phim truyện - Quý tử họ Lee - Tập 94
744,1,0,0,0,0,Phim truyện - Quý tử họ Lee - Tập 95
745,1,0,0,0,0,Phim truyện - Quý tử họ Lee - Tập 96
746,1,0,0,0,0,Phim truyện Ấn Độ: Cô gái diệu kỳ
747,1,0,0,0,0,Phim truyện Bồ Đào Nha: Đam mê
748,1,0,0,0,0,Phim truyện Trung Quốc: Ánh trăng không hiểu lòng tôi
749,1,0,0,0,0,Phim truyện Trung Quốc: Chuyện tình dưới ánh trăng
750,1,0,0,0,0,Phim truyện Trung Quốc: Minh Lan truyện
751,1,0,0,0,0,Phim truyện Trung Quốc: Người phụ nữ tuyệt vời
752,1,0,0,0,0,Phim truyện Trung Quốc: Như Ý Phương Phi
753,1,0,0,0,0,Phim truyện Trung Quốc: Thư sinh xinh đẹp
754,1,0,0,0,0,Phim truyện Trung Quốc: Trả lại thế giới cho em
755,1,0,0,0,0,Phim truyện Việt Nam: Cây nước mắt
756,1,0,0,0,0,Phim truyện Việt Nam: Covi ơi là Covi
757,1,0,0,0,0,Phim truyện Việt Nam: Duyên trầu cau
758,1,0,0,0,0,Phim truyện Việt Nam: Khi em đã lớn
759,1,0,0,0,0,Phim truyện Việt Nam: Nghề thế thân
760,1,0,0,0,0,Phim truyện Việt Nam: Tình yêu và thử thách
761,0,0,0,0,1,Tâm đầu ý hợp
762,0,0,0,0,1,Trái tim cho em - Vì những trái tim lỗi nhịp
763,0,0,0,0,1,A -  bạn đây rồi: Giáo dục giới tính cho học sinh
764,0,0,0,0,1,Ẩm thực kỳ thú
765,0,0,0,0,1,Ăn sạch sống khỏe
766,0,0,0,0,1,Bạn của nhà nông - Thăm quan một số mô hình chăn nuôi hiệu quả
767,0,0,0,0,1,Bạn của nhà nông - Liên kết trong sản xuất gạo sạch
768,0,0,0,0,1,Bạn của nhà nông - Liên kết chuỗi trong tiêu thụ sản phẩm chăn nuôi
769,0,1,0,0,0,Biên cương & hải đảo
770,0,0,0,0,1,Biệt đội siêu nhân nhí
771,0,0,0,0,1,Biệt đội xả xì chét
772,0,0,0,0,1,Cà phê cuối tuần: Trò chuyện cùng nghệ sĩ Hữu Quốc và Quỳnh Hương
773,0,1,0,0,0,Cải cách hành chính - Cải cách thủ tục hành chính về đất đai
774,0,1,0,0,0,Cải cách hành chính - Bước chuyển trong gìn giữ an ninh nông thôn
775,0,1,0,0,0,Cải cách hành chính - Cần cơ chế tự chủ trong đào tạo nghề
776,0,0,1,0,0,Cải lương: Gánh cải Trạng Nguyên
777,0,0,1,0,0,Cải lương: Lâu đài cát
778,0,0,0,0,1,Cẩm nang sống khỏe
779,0,0,0,0,1,Cẩm nang vàng cho sức khỏe
780,0,0,0,0,1,Câu chuyện văn hóa - Văn hoá giao tiếp số
781,0,0,0,0,1,Câu chuyện văn hóa - Xuân không lễ hội
782,0,0,0,0,1,Cầu vồng đa sắc: Bí mật hộp đựng kẹo
783,0,0,0,0,1,Cây táo nở hoa - Cửu đỉnh Huế
784,0,0,0,0,1,Cây táo nở hoa - Đình Tây Đằng
785,0,0,0,0,1,Chất lượng cuộc sống
786,0,0,0,0,1,Chất Việt - Thực phẩm sạch cho cuộc sống an lành
787,0,1,0,0,0,Chính sách và đời sống
788,0,1,0,0,0,Chính sách và đời sống: Khởi sắc nông thôn mới Cần Giờ
789,0,0,0,0,1,Cho ngày hoàn hảo - Nghệ sĩ Diệu Thảo
790,0,0,0,0,1,Cho ngày hoàn hảo - Ca sĩ Bạch Trà
791,0,0,0,0,1,Cho ngày hoàn hảo - Chuyên gia trang điểm Hoàng Thanh
792,0,0,0,0,1,Cho ngày hoàn hảo
793,0,0,0,0,1,Cho ngày hoàn hảo - Làm đẹp an toàn
794,0,1,0,0,0,Chống buôn lậu -  hàng giả - bảo vệ người tiêu dùng
795,0,0,0,0,1,Chúng tôi - Chiến sĩ
796,0,0,0,0,1,Chúng tôi - chiến sĩ
797,0,0,0,0,1,Chuyện 4 mùa: Cổ tích ngày mới
798,0,0,0,0,1,Chuyện 4 mùa: Người thầy trong đời
799,0,0,0,0,1,Chuyến xe buýt kỳ thú - Về miền quê lúa vàng sen trắng
800,0,0,0,0,1,Cơ hội đổi đời
801,0,0,0,0,1,Cơ thể bạn nói gì ? - Điều trị tận gốc bệnh mất ngủ mạn tính
802,0,0,0,0,1,Cơ thể bạn nói gì ? - Giải pháp bỏ thuốc lá đơn giản và hiệu quả
803,0,0,0,0,1,Cơ thể bạn nói gì ? - Bí quyết giữ gìn nhan sắc của phụ nữ
804,0,0,0,0,1,Cơ thể bạn nói gì ? - Giải pháp thoát khỏi sự lê thuộc vào thuốc ngủ tây y nhờ thảo dược
805,0,0,0,0,1,Cơ thể bạn nói gì ? - Bệnh viêm âm đạo ở phụ nữ và những hệ lụy nguy hiểm
806,0,0,0,0,1,Công nghệ kiến tạo
807,0,0,0,0,1,Công nghệ kiến tạo - Bảo đảm an toàn thông tin khi sử dụng mạng xã hội
808,0,0,0,0,1,Cuộc sống và những điều kỳ diệu
809,0,0,0,0,1,Đi an toàn-Về hạnh phúc: Lưu thông cùng con trẻ
810,0,0,0,0,1,Đi an toàn-Về hạnh phúc: Phụ nữ với an toàn giao thông
811,0,0,0,0,1,Đi đâu ? ăn gì ? - Hương vị Hà Thành
812,0,0,0,0,1,Đi tìm đồng đội
813,0,0,0,0,1,Giấc mơ hoa - Tôi là một chiếc lá
814,0,0,0,0,1,Giải mã cuộc sống - Đi tìm vẻ đẹp của nón
815,0,0,0,0,1,Giải mã: Thần tượng bóng rổ
816,0,0,0,0,1,Giáo dục & hướng nghiệp
817,0,0,0,0,1,Giáo dục & hướng nghiệp: Cơ hội làm việc ở Đức
818,0,0,0,0,1,Giáo dục & hướng nghiệp: Gương sáng học đường
819,0,0,0,0,1,Giáo dục & hướng nghiệp: Nguồn nhân lực cho năng lượng tái chế
820,0,0,0,0,1,Giọng Hát Việt Nhí Thế Hệ Mới - Số 08
821,0,0,0,0,1,Hai mùa mưa nắng: Ngôi nhà cổ trong lòng thành phố
822,0,0,0,0,1,Hai mùa mưa nắng: Tuyệt chiêu của nội
823,0,0,0,0,1,Hãy chia sẻ cùng chúng tôi - Phương pháp điều trị hen suyễn
824,0,0,0,0,1,Hãy chia sẻ cùng chúng tôi - Điều trị hiệu quả tiểu đêm
825,0,1,0,0,0,Hộp thư truyền hình - Vấn đề giao dịch dân sự bị coi là vô hiệu
826,0,1,0,0,0,Khoảnh khắc - Số 10
827,1,0,0,0,0,Kịch: Nếu như yêu
828,1,0,0,0,0,Kịch: Ông ngoại và thời đại
829,0,1,0,0,0,Kiến tạo nhịp cầu
830,0,0,0,0,1,Kiến thức cộng đồng - Hỗ trợ xây dựng thương hiệu làng nghề
831,0,0,0,0,1,Kiến thức cộng đồng
832,0,0,0,0,1,Kiến thức cộng đồng - Hỗ trợ phát triển thương hiệu lụa Nha Xá
833,0,0,0,0,1,Kiến thức cuộc sống: Hạn mặn
834,0,0,0,0,1,Kỹ năng tham gia giao thông - An toàn đi qua đường ngang giao cắt đường sắt
835,0,0,0,0,1,Kỹ năng tham gia giao thông - Kỹ năng tham gia giao thông trong thời tiết sương mù
836,0,0,0,0,1,Ký sự - Người Dao đỏ ở Lủ Khấu
837,0,0,0,0,1,Ký sự
838,0,0,0,0,1,Ký sự - Từ những miền quê: Những chiếc đó ở Thủ Sỹ
839,0,0,0,0,1,Ký sự - Người con của Kgiang
840,0,0,0,0,1,Ký sự - Hải Hòa - Chuyện nghề làng biển
841,0,0,0,0,1,Ký sự - Từ những miền quê: Mùa cà phê của người Ê Đê
842,0,0,0,0,1,Ký sự - Từ những miền quê: Hoa giữa miền sương
843,0,0,0,0,1,Ký sự - Từ những miền quê: Chuyện voi ở Buôn Đôn
844,0,0,0,0,1,Ký sự - Hương quế Trà Bồng
845,0,0,0,0,1,Ký sự - Thúng chai Đông Yên
846,0,0,0,0,1,Ký sự - Mộc mạc hồn đất Trù Sơn
847,0,0,0,0,1,Ký sự - Ngôi làng bên chân sóng
848,0,0,0,0,1,Ký sự - Một ngày trên đầm Thủy Triều
849,0,0,0,0,1,Ký sự - Người Tày ở hồ Ba Bể
850,0,0,0,0,1,Ký sự - Từ những miền quê: Bách Thuận vùng đất của màu xanh
851,0,0,0,0,1,Ký sự - Làng Đào Xá - Nơi lưu giữ thanh âm hồn Việt
852,0,0,0,0,1,Lao động và công đoàn - Khi doanh nghiệp là nhà
853,0,0,0,0,1,Lời tự sự - Nhà sản xuất
854,0,0,0,0,1,Lời tự sự - Diễn viên Đan Lê
855,0,0,0,0,1,Lời tự sự - Cindy Thái Tài
856,0,0,0,0,1,Lựa chọn của tôi: Đinh Hằng - Chân đi không mỏi
857,0,0,0,0,1,Lựa chọn của tôi: Đinh Hằng - Dám nghĩ dám làm
858,0,0,0,0,1,Mỗi ngày một điều hay: An toàn khi đi thang cuốn
859,0,0,0,0,1,Mỗi ngày một điều hay: Giảm cân hợp lý
860,0,0,0,0,1,"Nghệ sĩ và sàn diễn: Gặp gỡ đoàn làm phim ""Gái già lắm chiêu V"""
861,0,0,0,0,1,Nghệ thuật & cuộc sống
862,0,0,0,0,1,Nghệ thuật không gian
863,0,0,0,0,1,Người kết nối: Bà mối hẹn hò
864,0,0,0,0,1,Người nông dân hiện đại - Qua miền đầm phá
865,0,0,0,0,1,Người nông dân hiện đại - Miền xanh Hương Trà
866,0,0,0,0,1,Người quê - Mùi của Tết
867,0,0,1,0,0,Nhạc thính phòng: Dưới màn đêm đầy sao
868,0,0,0,0,1,Nhân đạo - Hỗ trợ người dân khôi phục kinh doanh
869,0,0,0,0,1,Nhắn tìm đồng đội
870,0,1,0,0,0,Nhìn ra thế giới
871,0,0,0,1,0,Nhịp sống thể thao
872,0,0,0,0,1,Những mảnh ghép của cuộc sống - Bão về
873,0,0,0,0,1,Những mảnh ghép của cuộc sống
874,0,0,0,0,1,Những mảnh ghép của cuộc sống - Sức sống miền biên viễn
875,0,0,0,0,1,Nối kết yêu thương
876,0,0,0,0,1,Ống kính công nghệ
877,0,0,0,0,1,Ống nhòm nhí: Thời trang kiểu mẹ
878,0,0,0,0,1,Quà tặng cuộc sống
879,0,0,0,0,1,Quà tặng cuộc sống - Sự tích hoa Dành Dành
880,0,0,0,0,1,Quà tặng cuộc sống - Chiếc đồng hồ hiệu
881,0,0,0,0,1,Quà tặng cuộc sống - Đom đóm và cậu học trò nghèo
882,0,0,0,0,1,Quà tặng cuộc sống - Cá mực và bạch tuộc
883,0,0,0,0,1,Quà tặng cuộc sống - Sự tích cây bông
884,0,0,0,0,1,Quà tặng cuộc sống - Chiếc gương quỷ ám
885,0,1,0,0,0,Quốc hội với cử tri
886,0,1,0,0,0,Sắc màu các dân tộc - Vũ điệu vùng cao
887,0,0,1,0,0,Sân khấu - Kịch: Nửa cõi nhân gian
888,0,0,0,0,1,Siêu thị cười: Cuộc phiêu lưu của 2 tỷ
889,0,0,0,0,1,Siêu thị cười: Mảnh giấy kỳ diệu
890,0,0,0,0,1,Siêu thị cười: Muôn kiểu tiệc tùng
891,0,0,0,0,1,Siêu thị cười: Toang giấc mơ hoa
892,1,0,0,0,0,sitcom: Xóm đụng chuyện
893,0,0,0,0,1,Sô diễn cuộc đời
894,1,0,0,0,0,Sôi động sân cỏ
895,1,0,0,0,0,Sống chậm - Cô bồ khí chất
896,1,0,0,0,0,Sống chậm - Một bữa no
897,1,0,0,0,0,Sống chậm - Lòng tin đặt nhầm chỗ
898,1,0,0,0,0,Sống chậm - Hại mình hại người
899,1,0,0,0,0,Sống chậm - Những hũ rượu
900,1,0,0,0,0,Sống chậm - Quà cho mẹ
901,1,0,0,0,0,Sống chậm - 8/3 cũng là ngày của mẹ
902,1,0,0,0,0,Sống chậm - Cuộc đời không có giá như
903,1,0,0,0,0,Sống chậm - Những cuộc gọi nhầm số
904,0,0,0,0,1,Sống khỏe đời vui - Hội chứng ruột kích thích
905,0,0,0,0,1,Sống khỏe đời vui
906,0,0,0,0,1,Sống khỏe đời vui - Người thầy thuốc chữa bệnh xương khớp
907,0,0,0,0,1,Sống khỏe mỗi ngày
908,0,0,0,0,1,Sống khỏe mỗi ngày - ĐỘt quỴ Ở ngưỜi trẺ
909,0,0,0,0,1,Sống khỏe mỗi ngày - Giảm cân thế nào cho đúng
910,0,0,0,0,1,Sống khỏe mỗi ngày - ĐỘT QUỴ Ở NGƯỜI TRẺ
911,0,0,0,0,1,Sống khỏe mỗi ngày - Vắc xin và dịch bệnh
912,0,0,0,0,1,Sống khỏe mỗi ngày - Làm gì để giảm mỡ máu
913,0,0,0,0,1,Sống mới
914,0,0,0,0,1,Sức bật -  sáng tạo và khởi nghiệp
915,0,0,0,0,1,Sức khỏe cho mọi người
916,0,0,0,0,1,Sức khỏe cho mọi người: Lão hóa - Có kiểm soát được không
917,0,0,0,0,1,Sức khỏe cho mọi người: Viêm tai giữa
918,1,0,0,0,0,Tác phẩm mới - Cái mày ở lại đây nha
919,0,0,0,0,1,Tâm điểm khỏe đẹp
920,0,1,0,0,0,Tạp chí Kinh tế đặc biệt - Bất phương trình trong đại dịch
921,0,0,0,0,1,Tạp chí sức khỏe: Cân bằng dinh dưỡng - Nâng cao sức đề kháng
922,0,0,0,0,1,Tạp chí sức khỏe: Viêm nha chu
923,0,0,0,0,1,Thành phố của tôi: Nét Việt
924,0,0,0,0,1,Thảnh thơi vui sống
925,0,0,0,0,1,Thế giới dưới nước
926,0,1,0,0,0,Thế giới góc nhìn
927,0,1,0,0,0,Thế giới hôm nay
928,0,0,0,0,1,Thiên đường ẩm thực
929,0,0,0,0,1,Thiên nhiên không thể thuần hóa
930,0,1,0,0,0,Thời sự
931,0,1,0,0,0,Thời sự 0h
932,0,1,0,0,0,Thời sự 11h
933,0,1,0,0,0,Thời sự 12h
934,0,1,0,0,0,Thời sự 16h
935,0,1,0,0,0,Thời sự 17h
936,0,1,0,0,0,Thời sự 19h
937,0,1,0,0,0,Thời sự 1h
938,0,1,0,0,0,Thời sự 20h
939,0,1,0,0,0,Thời sự 2h
940,0,1,0,0,0,Thời sự 3h
941,0,1,0,0,0,Thời sự 4h
942,0,1,0,0,0,Thời sự 8h
943,0,1,0,0,0,Thời sự 9h
944,0,1,0,0,0,Thời tiết
945,0,0,0,0,1,Thời trang cuộc sống
946,0,0,0,0,1,Thực khách vui vẻ
947,0,0,0,0,1,Thuế và đời sống
948,0,0,0,0,1,Tỏ tình hoàn mỹ
949,0,1,0,0,0,Tọa đàm văn hóa thành phố
950,0,1,0,0,0,Toàn cảnh thế giới
951,0,0,0,0,1,Trà chiều tâm giao - Thơ xuân
952,0,0,0,0,1,Tuổi cao gương sáng - Người nghệ sĩ của nhân dân
953,0,0,0,0,1,Vì cộng đồng - Gieo chữ gieo hy vọng
954,0,0,0,0,1,Vì cộng đồng - Yêu thương lan tỏa
955,0,0,0,0,1,Vườn sao mai: Giấc mơ bếp Việt
956,0,0,0,0,1,Vườn sao mai: Thầy trò cùng leo núi
957,0,0,0,0,1,Xả xì chét - Nụ hôn có hại
958,0,0,0,0,1,Xả xì chét - Thiếu kinh nghiệm
959,0,0,0,0,1,Xả xì chét - Con không có nói
960,0,0,0,0,1,Xả xì chét - Bộ đồ câu cá
